Text_id	Tags	Text_title	Lexical Richness: Type Token Ratio (Root TTR)	Mean Sentence Length in Tokens	Lexical Variation Feature: Modifier	Mean Token Length in Syllables	Syntactic Complexity Feature: Complex Nominals per Clause
197649		vignette1	5.81238193719096	18.5	0.162790697674419	1.54054054054054	1.2
197650		vignette2	6.12825877028341	18.0	0.170212765957447	1.59722222222222	1.14285714285714
197651		vignette3	5.62068547982876	19.0	0.111111111111111	1.90789473684211	1.16666666666667
197652		vignette4	5.875	16.0	0.153846153846154	1.796875	2.25
